month,metric,target
2025-01-01,mrr,96683.0
2025-02-01,mrr,104396.0
2025-03-01,mrr,112109.0
2025-04-01,mrr,119822.0
2025-05-01,mrr,127535.0
2025-06-01,mrr,135248.0
2025-07-01,mrr,142961.0
2025-08-01,mrr,150675.0
2025-09-01,mrr,158388.0
2025-10-01,mrr,166101.0
2025-11-01,mrr,173814.0
2025-12-01,mrr,181527.0
2026-01-01,mrr,189240.0
2026-02-01,mrr,196953.0
2026-03-01,mrr,204666.0
2026-04-01,mrr,212379.0
2026-05-01,mrr,220092.0
2026-06-01,mrr,227805.0
2026-07-01,mrr,235518.0
2026-08-01,mrr,243231.0
2026-09-01,mrr,250944.0
2026-10-01,mrr,258658.0
2026-11-01,mrr,266371.0
2026-12-01,mrr,274084.0
2025-01-01,signups,204.0
2025-02-01,signups,208.0
2025-03-01,signups,213.0
2025-04-01,signups,320.0
2025-05-01,signups,327.0
2025-06-01,signups,334.0
2025-07-01,signups,341.0
2025-08-01,signups,347.0
2025-09-01,signups,241.0
2025-10-01,signups,246.0
2025-11-01,signups,250.0
2025-12-01,signups,255.0
2026-01-01,signups,260.0
2026-02-01,signups,264.0
2026-03-01,signups,269.0
2026-04-01,signups,403.0
2026-05-01,signups,409.0
2026-06-01,signups,416.0
2026-07-01,signups,423.0
2026-08-01,signups,430.0
2026-09-01,signups,297.0
2026-10-01,signups,302.0
2026-11-01,signups,306.0
2026-12-01,signups,311.0
2025-01-01,free_to_paid_60d,0.16
2025-01-01,nrr_12m,0.7
2025-02-01,free_to_paid_60d,0.16
2025-02-01,nrr_12m,0.7
2025-03-01,free_to_paid_60d,0.16
2025-03-01,nrr_12m,0.7
2025-04-01,free_to_paid_60d,0.16
2025-04-01,nrr_12m,0.7
2025-05-01,free_to_paid_60d,0.16
2025-05-01,nrr_12m,0.7
2025-06-01,free_to_paid_60d,0.16
2025-06-01,nrr_12m,0.7
2025-07-01,free_to_paid_60d,0.16
2025-07-01,nrr_12m,0.7
2025-08-01,free_to_paid_60d,0.16
2025-08-01,nrr_12m,0.7
2025-09-01,free_to_paid_60d,0.16
2025-09-01,nrr_12m,0.7
2025-10-01,free_to_paid_60d,0.16
2025-10-01,nrr_12m,0.7
2025-11-01,free_to_paid_60d,0.16
2025-11-01,nrr_12m,0.7
2025-12-01,free_to_paid_60d,0.16
2025-12-01,nrr_12m,0.7
2026-01-01,free_to_paid_60d,0.16
2026-01-01,nrr_12m,0.7
2026-02-01,free_to_paid_60d,0.16
2026-02-01,nrr_12m,0.7
2026-03-01,free_to_paid_60d,0.16
2026-03-01,nrr_12m,0.7
2026-04-01,free_to_paid_60d,0.16
2026-04-01,nrr_12m,0.7
2026-05-01,free_to_paid_60d,0.16
2026-05-01,nrr_12m,0.7
2026-06-01,free_to_paid_60d,0.16
2026-06-01,nrr_12m,0.7
2026-07-01,free_to_paid_60d,0.16
2026-07-01,nrr_12m,0.7
2026-08-01,free_to_paid_60d,0.16
2026-08-01,nrr_12m,0.7
2026-09-01,free_to_paid_60d,0.16
2026-09-01,nrr_12m,0.7
2026-10-01,free_to_paid_60d,0.16
2026-10-01,nrr_12m,0.7
2026-11-01,free_to_paid_60d,0.16
2026-11-01,nrr_12m,0.7
2026-12-01,free_to_paid_60d,0.16
2026-12-01,nrr_12m,0.7
